Tail Number,Count
N907EV,2
N286AY,3
N626FR,6
N609FR,7
N2060J,8
N967JB,8
N392FR,10
N85373,11
N302SS,11
N874UA,16
N327SY,18
N228PS,18
N705UW,20
N875UA,28
N37257,36
N808NN,38
N570DZ,40
N17327,40
N673AW,40
N17333,41
N103DU,42
N271LV,43
N799SW,45
N576DZ,45
N102DU,46
N141DU,51
N575DZ,52
N807NN,53
N803NN,53
N804NN,53
N802NN,55
N140DU,57
N918SW,58
N139DU,59
N915SW,62
N443SW,63
N829AW,66
N826AW,69
N8860S,69
N104DU,69
N468CA,77
N835AW,77
N822AN,78
N1902U,79
N834AA,79
N949AK,81
N834AW,82
N828AW,82
N129DU,92
N7812G,93
N934AK,94
N942AK,96
N732AN,104
N752EV,112
N108DQ,113
N679SA,115
N830AW,118
N930EV,119
N540DE,124
N755EV,133
N921AK,135
N917SW,136
N906EV,137
N659QX,138
N17550,142
N658QX,142
N729JB,144
N527AS,148
N299WN,149
N927WN,153
N7867A,153
N331NB,155
N37538,155
N8707P,162
N174US,173
N307DU,173
N8606C,179
N104DN,179
N251AK,179
N194UW,194
N302DU,196
N12003,197
N177US,199
N876DN,204
N53441,207
N181UW,207
N971UY,211
N345NB,212
N850DN,215
N908DN,227
N871DN,231
N604NK,266
N625NK,283
N513DA,296
N37507,305
N389HA,315
N17529,331
N37508,334
N306SY,357
N2142J,856
